latitude,longitude,moisture,color
26.88373586767677,68.04707104040403,17.0,cyan
26.88373586767677,68.04708528080808,23.5,cyan
26.88373586767677,68.04709952121212,23.5,cyan
26.88373586767677,68.04711376161616,17.29999924,cyan
26.88373586767677,68.0471280020202,17.29999924,cyan
26.88373586767677,68.04714224242423,17.29999924,cyan
26.88373586767677,68.04715648282827,17.29999924,cyan
26.883744635353537,68.04707104040403,23.5,cyan
26.883744635353537,68.04708528080808,23.5,cyan
26.883744635353537,68.04709952121212,23.5,cyan
26.883744635353537,68.04711376161616,17.29999924,cyan
26.883744635353537,68.0471280020202,17.29999924,cyan
26.883744635353537,68.04714224242423,17.29999924,cyan
26.883744635353537,68.04715648282827,17.29999924,cyan
26.883744635353537,68.04717072323231,17.29999924,cyan
26.883753403030305,68.04707104040403,23.5,cyan
26.883753403030305,68.04708528080808,23.5,cyan
26.883753403030305,68.04709952121212,23.5,cyan
26.883753403030305,68.04711376161616,23.5,cyan
26.883753403030305,68.0471280020202,17.29999924,cyan
26.883753403030305,68.04714224242423,17.29999924,cyan
26.883753403030305,68.04715648282827,17.29999924,cyan
26.883753403030305,68.04717072323231,17.29999924,cyan
26.883753403030305,68.04718496363635,17.29999924,cyan
26.883762170707072,68.04708528080808,23.5,cyan
26.883762170707072,68.04709952121212,23.5,cyan
26.883762170707072,68.04711376161616,23.5,cyan
26.883762170707072,68.0471280020202,17.29999924,cyan
26.883762170707072,68.04714224242423,17.29999924,cyan
26.883762170707072,68.04715648282827,17.29999924,cyan
26.883762170707072,68.04717072323231,17.29999924,cyan
26.883762170707072,68.04718496363635,17.29999924,cyan
26.883762170707072,68.0471992040404,17.29999924,cyan
26.88377093838384,68.04709952121212,23.5,cyan
26.88377093838384,68.04711376161616,23.5,cyan
26.88377093838384,68.0471280020202,17.29999924,cyan
26.88377093838384,68.04714224242423,17.29999924,cyan
26.88377093838384,68.04715648282827,17.29999924,cyan
26.88377093838384,68.04717072323231,17.29999924,cyan
26.88377093838384,68.04718496363635,17.29999924,cyan
26.88377093838384,68.0471992040404,17.29999924,cyan
26.88377093838384,68.04721344444444,17.29999924,cyan
26.883779706060608,68.04711376161616,23.5,cyan
26.883779706060608,68.0471280020202,17.29999924,cyan
26.883779706060608,68.04714224242423,17.29999924,cyan
26.883779706060608,68.04715648282827,17.29999924,cyan
26.883779706060608,68.04717072323231,17.29999924,cyan
26.883779706060608,68.04718496363635,17.29999924,cyan
26.883779706060608,68.0471992040404,17.29999924,cyan
26.883779706060608,68.04721344444444,17.29999924,cyan
26.883779706060608,68.04722768484848,17.29999924,cyan
26.883779706060608,68.04724192525252,17.29999924,cyan
26.883788473737376,68.0471280020202,17.29999924,cyan
26.883788473737376,68.04714224242423,17.29999924,cyan
26.883788473737376,68.04715648282827,17.29999924,cyan
26.883788473737376,68.04717072323231,17.29999924,cyan
26.883788473737376,68.04718496363635,17.29999924,cyan
26.883788473737376,68.0471992040404,17.29999924,cyan
26.883788473737376,68.04721344444444,17.29999924,cyan
26.883788473737376,68.04722768484848,17.29999924,cyan
26.883788473737376,68.04724192525252,17.29999924,cyan
26.883788473737376,68.04725616565656,17.29999924,cyan
26.883797241414143,68.04714224242423,17.29999924,cyan
26.883797241414143,68.04715648282827,17.29999924,cyan
26.883797241414143,68.04717072323231,17.29999924,cyan
26.883797241414143,68.04718496363635,17.29999924,cyan
26.883797241414143,68.0471992040404,17.29999924,cyan
26.883797241414143,68.04721344444444,17.29999924,cyan
26.883797241414143,68.04722768484848,17.29999924,cyan
26.883797241414143,68.04724192525252,17.29999924,cyan
26.883797241414143,68.04725616565656,17.29999924,cyan
26.883797241414143,68.0472704060606,17.29999924,cyan
26.88380600909091,68.04715648282827,17.29999924,cyan
26.88380600909091,68.04717072323231,17.29999924,cyan
26.88380600909091,68.04718496363635,17.29999924,cyan
26.88380600909091,68.0471992040404,17.29999924,cyan
26.88380600909091,68.04721344444444,17.29999924,cyan
26.88380600909091,68.04722768484848,17.29999924,cyan
26.88380600909091,68.04724192525252,17.29999924,cyan
26.88380600909091,68.04725616565656,17.29999924,cyan
26.88380600909091,68.0472704060606,17.29999924,cyan
26.88380600909091,68.04728464646465,17.29999924,cyan
26.88381477676768,68.04717072323231,17.29999924,cyan
26.88381477676768,68.04718496363635,17.29999924,cyan
26.88381477676768,68.0471992040404,17.29999924,cyan
26.88381477676768,68.04721344444444,17.29999924,cyan
26.88381477676768,68.04722768484848,17.29999924,cyan
26.88381477676768,68.04724192525252,17.29999924,cyan
26.88381477676768,68.04725616565656,17.29999924,cyan
26.88381477676768,68.0472704060606,17.29999924,cyan
26.88381477676768,68.04728464646465,17.29999924,cyan
26.88381477676768,68.04729888686867,17.29999924,cyan
26.883823544444446,68.04718496363635,17.29999924,cyan
26.883823544444446,68.0471992040404,17.29999924,cyan
26.883823544444446,68.04721344444444,17.29999924,cyan
26.883823544444446,68.04722768484848,17.29999924,cyan
26.883823544444446,68.04724192525252,17.29999924,cyan
26.883823544444446,68.04725616565656,17.29999924,cyan
26.883823544444446,68.0472704060606,17.29999924,cyan
26.883823544444446,68.04728464646465,17.29999924,cyan
26.883823544444446,68.04729888686867,17.29999924,cyan
26.883823544444446,68.04731312727272,17.29999924,cyan
26.883832312121214,68.0471992040404,17.29999924,cyan
26.883832312121214,68.04721344444444,17.29999924,cyan
26.883832312121214,68.04722768484848,17.29999924,cyan
26.883832312121214,68.04724192525252,17.29999924,cyan
26.883832312121214,68.04725616565656,17.29999924,cyan
26.883832312121214,68.0472704060606,17.29999924,cyan
26.883832312121214,68.04728464646465,17.29999924,cyan
26.883832312121214,68.04729888686867,17.29999924,cyan
26.883832312121214,68.04731312727272,17.29999924,cyan
26.883832312121214,68.04732736767676,17.29999924,cyan
26.883841079797982,68.04721344444444,17.29999924,cyan
26.883841079797982,68.04722768484848,17.29999924,cyan
26.883841079797982,68.04724192525252,17.29999924,cyan
26.883841079797982,68.04725616565656,17.29999924,cyan
26.883841079797982,68.0472704060606,17.29999924,cyan
26.883841079797982,68.04728464646465,17.29999924,cyan
26.883841079797982,68.04729888686867,17.29999924,cyan
26.883841079797982,68.04731312727272,17.29999924,cyan
26.883841079797982,68.04732736767676,17.29999924,cyan
26.883841079797982,68.0473416080808,17.29999924,cyan
26.88384984747475,68.04722768484848,17.29999924,cyan
26.88384984747475,68.04724192525252,17.29999924,cyan
26.88384984747475,68.04725616565656,17.29999924,cyan
26.88384984747475,68.0472704060606,17.29999924,cyan
26.88384984747475,68.04728464646465,17.29999924,cyan
26.88384984747475,68.04729888686867,17.29999924,cyan
26.88384984747475,68.04731312727272,17.29999924,cyan
26.88384984747475,68.04732736767676,17.29999924,cyan
26.88384984747475,68.0473416080808,17.29999924,cyan
26.88384984747475,68.04735584848484,17.29999924,cyan
26.883858615151517,68.04724192525252,17.29999924,cyan
26.883858615151517,68.04725616565656,17.29999924,cyan
26.883858615151517,68.0472704060606,17.29999924,cyan
26.883858615151517,68.04728464646465,17.29999924,cyan
26.883858615151517,68.04729888686867,17.29999924,cyan
26.883858615151517,68.04731312727272,17.29999924,cyan
26.883858615151517,68.04732736767676,17.29999924,cyan
26.883858615151517,68.0473416080808,17.29999924,cyan
26.883858615151517,68.04735584848484,17.29999924,cyan
26.883858615151517,68.04737008888888,17.29999924,cyan
26.883867382828285,68.04725616565656,17.29999924,cyan
26.883867382828285,68.0472704060606,17.29999924,cyan
26.883867382828285,68.04728464646465,17.29999924,cyan
26.883867382828285,68.04729888686867,17.29999924,cyan
26.883867382828285,68.04731312727272,17.29999924,cyan
26.883867382828285,68.04732736767676,17.29999924,cyan
26.883867382828285,68.0473416080808,17.29999924,cyan
26.883867382828285,68.04735584848484,17.29999924,cyan
26.883867382828285,68.04737008888888,17.29999924,cyan
26.883867382828285,68.04738432929292,17.29999924,cyan
26.883876150505053,68.0472704060606,17.29999924,cyan
26.883876150505053,68.04728464646465,17.29999924,cyan
26.883876150505053,68.04729888686867,17.29999924,cyan
26.883876150505053,68.04731312727272,17.29999924,cyan
26.883876150505053,68.04732736767676,17.29999924,cyan
26.883876150505053,68.0473416080808,17.29999924,cyan
26.883876150505053,68.04735584848484,17.29999924,cyan
26.883876150505053,68.04737008888888,17.29999924,cyan
26.883876150505053,68.04738432929292,17.29999924,cyan
26.883876150505053,68.04739856969697,17.29999924,cyan
26.88388491818182,68.04728464646465,17.29999924,cyan
26.88388491818182,68.04729888686867,17.29999924,cyan
26.88388491818182,68.04731312727272,17.29999924,cyan
26.88388491818182,68.04732736767676,17.29999924,cyan
26.88388491818182,68.0473416080808,17.29999924,cyan
26.88388491818182,68.04735584848484,17.29999924,cyan
26.88388491818182,68.04737008888888,17.29999924,cyan
26.88388491818182,68.04738432929292,17.29999924,cyan
26.88388491818182,68.04739856969697,17.29999924,cyan
26.88388491818182,68.04741281010101,17.29999924,cyan
26.883893685858588,68.04729888686867,17.29999924,cyan
26.883893685858588,68.04731312727272,17.29999924,cyan
26.883893685858588,68.04732736767676,17.29999924,cyan
26.883893685858588,68.0473416080808,17.29999924,cyan
26.883893685858588,68.04735584848484,17.29999924,cyan
26.883893685858588,68.04737008888888,17.29999924,cyan
26.883893685858588,68.04738432929292,17.29999924,cyan
26.883893685858588,68.04739856969697,17.29999924,cyan
26.883893685858588,68.04741281010101,17.29999924,cyan
26.883893685858588,68.04742705050505,17.29999924,cyan
26.883893685858588,68.04744129090909,17.29999924,cyan
26.883902453535356,68.04731312727272,17.29999924,cyan
26.883902453535356,68.04732736767676,17.29999924,cyan
26.883902453535356,68.0473416080808,17.29999924,cyan
26.883902453535356,68.04735584848484,17.29999924,cyan
26.883902453535356,68.04737008888888,17.29999924,cyan
26.883902453535356,68.04738432929292,17.29999924,cyan
26.883902453535356,68.04739856969697,17.29999924,cyan
26.883902453535356,68.04741281010101,17.29999924,cyan
26.883902453535356,68.04742705050505,17.29999924,cyan
26.883902453535356,68.04744129090909,17.29999924,cyan
26.883902453535356,68.04745553131312,17.29999924,cyan
26.883911221212124,68.04732736767676,17.29999924,cyan
26.883911221212124,68.0473416080808,17.29999924,cyan
26.883911221212124,68.04735584848484,17.29999924,cyan
26.883911221212124,68.04737008888888,17.29999924,cyan
26.883911221212124,68.04738432929292,17.29999924,cyan
26.883911221212124,68.04739856969697,17.29999924,cyan
26.883911221212124,68.04741281010101,17.29999924,cyan
26.883911221212124,68.04742705050505,17.29999924,cyan
26.883911221212124,68.04744129090909,17.29999924,cyan
26.883911221212124,68.04745553131312,17.29999924,cyan
26.883911221212124,68.04746977171716,17.29999924,cyan
26.88391998888889,68.0473416080808,17.29999924,cyan
26.88391998888889,68.04735584848484,17.29999924,cyan
26.88391998888889,68.04737008888888,17.29999924,cyan
26.88391998888889,68.04738432929292,17.29999924,cyan
26.88391998888889,68.04739856969697,17.29999924,cyan
26.88391998888889,68.04741281010101,17.29999924,cyan
26.88391998888889,68.04742705050505,17.29999924,cyan
26.88391998888889,68.04744129090909,17.29999924,cyan
26.88391998888889,68.04745553131312,17.29999924,cyan
26.88391998888889,68.04746977171716,17.29999924,cyan
26.88391998888889,68.0474840121212,17.29999924,cyan
26.88392875656566,68.04735584848484,17.29999924,cyan
26.88392875656566,68.04737008888888,17.29999924,cyan
26.88392875656566,68.04738432929292,17.29999924,cyan
26.88392875656566,68.04739856969697,17.29999924,cyan
26.88392875656566,68.04741281010101,17.29999924,cyan
26.88392875656566,68.04742705050505,17.29999924,cyan
26.88392875656566,68.04744129090909,17.29999924,cyan
26.88392875656566,68.04745553131312,17.29999924,cyan
26.88392875656566,68.04746977171716,17.29999924,cyan
26.88392875656566,68.0474840121212,17.29999924,cyan
26.88392875656566,68.04749825252524,17.29999924,cyan
26.883937524242427,68.04737008888888,17.29999924,cyan
26.883937524242427,68.04738432929292,17.29999924,cyan
26.883937524242427,68.04739856969697,17.29999924,cyan
26.883937524242427,68.04741281010101,17.29999924,cyan
26.883937524242427,68.04742705050505,17.29999924,cyan
26.883937524242427,68.04744129090909,17.29999924,cyan
26.883937524242427,68.04745553131312,17.29999924,cyan
26.883937524242427,68.04746977171716,17.29999924,cyan
26.883937524242427,68.0474840121212,17.29999924,cyan
26.883937524242427,68.04749825252524,17.29999924,cyan
26.883937524242427,68.04751249292929,17.29999924,cyan
26.88394629191919,68.04738432929292,17.29999924,cyan
26.88394629191919,68.04739856969697,17.29999924,cyan
26.88394629191919,68.04741281010101,17.29999924,cyan
26.88394629191919,68.04742705050505,17.29999924,cyan
26.88394629191919,68.04744129090909,17.29999924,cyan
26.88394629191919,68.04745553131312,17.29999924,cyan
26.88394629191919,68.04746977171716,17.29999924,cyan
26.88394629191919,68.0474840121212,17.29999924,cyan
26.88394629191919,68.04749825252524,17.29999924,cyan
26.88394629191919,68.04751249292929,17.29999924,cyan
26.88394629191919,68.04752673333333,17.29999924,cyan
26.88395505959596,68.04739856969697,17.29999924,cyan
26.88395505959596,68.04741281010101,17.29999924,cyan
26.88395505959596,68.04742705050505,17.29999924,cyan
26.88395505959596,68.04744129090909,17.29999924,cyan
26.88395505959596,68.04745553131312,17.29999924,cyan
26.88395505959596,68.04746977171716,17.29999924,cyan
26.88395505959596,68.0474840121212,17.29999924,cyan
26.88395505959596,68.04749825252524,17.29999924,cyan
26.88395505959596,68.04751249292929,17.29999924,cyan
26.88395505959596,68.04752673333333,17.29999924,cyan
26.88395505959596,68.04754097373737,17.29999924,cyan
26.883963827272726,68.04741281010101,17.29999924,cyan
26.883963827272726,68.04742705050505,17.29999924,cyan
26.883963827272726,68.04744129090909,17.29999924,cyan
26.883963827272726,68.04745553131312,17.29999924,cyan
26.883963827272726,68.04746977171716,17.29999924,cyan
26.883963827272726,68.0474840121212,17.29999924,cyan
26.883963827272726,68.04749825252524,17.29999924,cyan
26.883963827272726,68.04751249292929,17.29999924,cyan
26.883963827272726,68.04752673333333,17.29999924,cyan
26.883963827272726,68.04754097373737,17.29999924,cyan
26.883963827272726,68.04755521414141,17.29999924,cyan
26.883972594949494,68.04744129090909,17.29999924,cyan
26.883972594949494,68.04745553131312,17.29999924,cyan
26.883972594949494,68.04746977171716,17.29999924,cyan
26.883972594949494,68.0474840121212,17.29999924,cyan
26.883972594949494,68.04749825252524,17.29999924,cyan
26.883972594949494,68.04751249292929,17.29999924,cyan
26.883972594949494,68.04752673333333,17.29999924,cyan
26.883972594949494,68.04754097373737,17.29999924,cyan
26.883972594949494,68.04755521414141,17.29999924,cyan
26.883972594949494,68.04756945454545,17.29999924,cyan
26.883981362626262,68.04745553131312,17.29999924,cyan
26.883981362626262,68.04746977171716,17.29999924,cyan
26.883981362626262,68.0474840121212,17.29999924,cyan
26.883981362626262,68.04749825252524,17.29999924,cyan
26.883981362626262,68.04751249292929,17.29999924,cyan
26.883981362626262,68.04752673333333,17.29999924,cyan
26.883981362626262,68.04754097373737,17.29999924,cyan
26.883981362626262,68.04755521414141,17.29999924,cyan
26.883981362626262,68.04756945454545,17.29999924,cyan
26.883981362626262,68.0475836949495,17.29999924,cyan
26.88399013030303,68.04746977171716,17.29999924,cyan
26.88399013030303,68.0474840121212,17.29999924,cyan
26.88399013030303,68.04749825252524,17.29999924,cyan
26.88399013030303,68.04751249292929,17.29999924,cyan
26.88399013030303,68.04752673333333,17.29999924,cyan
26.88399013030303,68.04754097373737,17.29999924,cyan
26.88399013030303,68.04755521414141,17.29999924,cyan
26.88399013030303,68.04756945454545,17.29999924,cyan
26.88399013030303,68.0475836949495,17.29999924,cyan
26.88399013030303,68.04759793535354,17.29999924,cyan
26.883998897979797,68.0474840121212,17.29999924,cyan
26.883998897979797,68.04749825252524,17.29999924,cyan
26.883998897979797,68.04751249292929,17.29999924,cyan
26.883998897979797,68.04752673333333,17.29999924,cyan
26.883998897979797,68.04754097373737,17.29999924,cyan
26.883998897979797,68.04755521414141,17.29999924,cyan
26.883998897979797,68.04756945454545,17.29999924,cyan
26.883998897979797,68.0475836949495,17.29999924,cyan
26.883998897979797,68.04759793535354,17.29999924,cyan
26.883998897979797,68.04761217575756,17.29999924,cyan
26.884007665656565,68.04749825252524,17.29999924,cyan
26.884007665656565,68.04751249292929,17.29999924,cyan
26.884007665656565,68.04752673333333,17.29999924,cyan
26.884007665656565,68.04754097373737,17.29999924,cyan
26.884007665656565,68.04755521414141,17.29999924,cyan
26.884007665656565,68.04756945454545,17.29999924,cyan
26.884007665656565,68.0475836949495,17.29999924,cyan
26.884007665656565,68.04759793535354,17.29999924,cyan
26.884007665656565,68.04761217575756,17.29999924,cyan
26.884007665656565,68.0476264161616,17.29999924,cyan
26.884007665656565,68.04764065656565,17.29999924,cyan
26.884016433333333,68.04751249292929,17.29999924,cyan
26.884016433333333,68.04752673333333,17.29999924,cyan
26.884016433333333,68.04754097373737,17.29999924,cyan
26.884016433333333,68.04755521414141,17.29999924,cyan
26.884016433333333,68.04756945454545,17.29999924,cyan
26.884016433333333,68.0475836949495,17.29999924,cyan
26.884016433333333,68.04759793535354,17.29999924,cyan
26.884016433333333,68.04761217575756,17.29999924,cyan
26.884016433333333,68.0476264161616,17.29999924,cyan
26.884016433333333,68.04764065656565,17.29999924,cyan
26.884016433333333,68.04765489696969,17.29999924,cyan
26.8840252010101,68.04752673333333,17.29999924,cyan
26.8840252010101,68.04754097373737,17.29999924,cyan
26.8840252010101,68.04755521414141,17.29999924,cyan
26.8840252010101,68.04756945454545,17.29999924,cyan
26.8840252010101,68.0475836949495,17.29999924,cyan
26.8840252010101,68.04759793535354,17.29999924,cyan
26.8840252010101,68.04761217575756,17.29999924,cyan
26.8840252010101,68.0476264161616,17.29999924,cyan
26.8840252010101,68.04764065656565,17.29999924,cyan
26.8840252010101,68.04765489696969,17.29999924,cyan
26.8840252010101,68.04766913737373,17.29999924,cyan
26.884033968686868,68.04754097373737,17.29999924,cyan
26.884033968686868,68.04755521414141,17.29999924,cyan
26.884033968686868,68.04756945454545,17.29999924,cyan
26.884033968686868,68.0475836949495,17.29999924,cyan
26.884033968686868,68.04759793535354,17.29999924,cyan
26.884033968686868,68.04761217575756,17.29999924,cyan
26.884033968686868,68.0476264161616,17.29999924,cyan
26.884033968686868,68.04764065656565,17.29999924,cyan
26.884033968686868,68.04765489696969,17.29999924,cyan
26.884033968686868,68.04766913737373,17.29999924,cyan
26.884033968686868,68.04768337777777,17.29999924,cyan
26.884042736363636,68.04755521414141,17.29999924,cyan
26.884042736363636,68.04756945454545,17.29999924,cyan
26.884042736363636,68.0475836949495,17.29999924,cyan
26.884042736363636,68.04759793535354,17.29999924,cyan
26.884042736363636,68.04761217575756,17.29999924,cyan
26.884042736363636,68.0476264161616,17.29999924,cyan
26.884042736363636,68.04764065656565,17.29999924,cyan
26.884042736363636,68.04765489696969,17.29999924,cyan
26.884042736363636,68.04766913737373,17.29999924,cyan
26.884042736363636,68.04768337777777,17.29999924,cyan
26.884042736363636,68.04769761818181,17.29999924,cyan
26.884051504040404,68.04756945454545,17.29999924,cyan
26.884051504040404,68.0475836949495,17.29999924,cyan
26.884051504040404,68.04759793535354,17.29999924,cyan
26.884051504040404,68.04761217575756,17.29999924,cyan
26.884051504040404,68.0476264161616,17.29999924,cyan
26.884051504040404,68.04764065656565,17.29999924,cyan
26.884051504040404,68.04765489696969,17.29999924,cyan
26.884051504040404,68.04766913737373,17.29999924,cyan
26.884051504040404,68.04768337777777,17.29999924,cyan
26.884051504040404,68.04769761818181,17.29999924,cyan
26.884051504040404,68.04771185858586,17.29999924,cyan
26.88406027171717,68.0475836949495,17.29999924,cyan
26.88406027171717,68.04759793535354,17.29999924,cyan
26.88406027171717,68.04761217575756,17.29999924,cyan
26.88406027171717,68.0476264161616,17.29999924,cyan
26.88406027171717,68.04764065656565,17.29999924,cyan
26.88406027171717,68.04765489696969,17.29999924,cyan
26.88406027171717,68.04766913737373,17.29999924,cyan
26.88406027171717,68.04768337777777,17.29999924,cyan
26.88406027171717,68.04769761818181,17.29999924,cyan
26.88406027171717,68.04771185858586,17.29999924,cyan
26.88406027171717,68.0477260989899,17.29999924,cyan
26.88406903939394,68.04759793535354,17.29999924,cyan
26.88406903939394,68.04761217575756,17.29999924,cyan
26.88406903939394,68.0476264161616,17.29999924,cyan
26.88406903939394,68.04764065656565,17.29999924,cyan
26.88406903939394,68.04765489696969,17.29999924,cyan
26.88406903939394,68.04766913737373,17.29999924,cyan
26.88406903939394,68.04768337777777,17.29999924,cyan
26.88406903939394,68.04769761818181,17.29999924,cyan
26.88406903939394,68.04771185858586,17.29999924,cyan
26.88406903939394,68.0477260989899,17.29999924,cyan
26.88406903939394,68.04774033939394,17.29999924,cyan
26.884077807070707,68.04761217575756,17.29999924,cyan
26.884077807070707,68.0476264161616,17.29999924,cyan
26.884077807070707,68.04764065656565,17.29999924,cyan
26.884077807070707,68.04765489696969,17.29999924,cyan
26.884077807070707,68.04766913737373,17.29999924,cyan
26.884077807070707,68.04768337777777,17.29999924,cyan
26.884077807070707,68.04769761818181,17.29999924,cyan
26.884077807070707,68.04771185858586,17.29999924,cyan
26.884077807070707,68.0477260989899,17.29999924,cyan
26.884077807070707,68.04774033939394,17.29999924,cyan
26.884077807070707,68.04775457979798,17.29999924,cyan
26.884086574747474,68.0476264161616,17.29999924,cyan
26.884086574747474,68.04764065656565,17.29999924,cyan
26.884086574747474,68.04765489696969,17.29999924,cyan
26.884086574747474,68.04766913737373,17.29999924,cyan
26.884086574747474,68.04768337777777,17.29999924,cyan
26.884086574747474,68.04769761818181,17.29999924,cyan
26.884086574747474,68.04771185858586,17.29999924,cyan
26.884086574747474,68.0477260989899,17.29999924,cyan
26.884086574747474,68.04774033939394,17.29999924,cyan
26.884086574747474,68.04775457979798,17.29999924,cyan
26.884086574747474,68.04776882020201,17.29999924,cyan
26.884095342424242,68.04764065656565,17.29999924,cyan
26.884095342424242,68.04765489696969,17.29999924,cyan
26.884095342424242,68.04766913737373,17.29999924,cyan
26.884095342424242,68.04768337777777,17.29999924,cyan
26.884095342424242,68.04769761818181,17.29999924,cyan
26.884095342424242,68.04771185858586,17.29999924,cyan
26.884095342424242,68.0477260989899,17.29999924,cyan
26.884095342424242,68.04774033939394,17.29999924,cyan
26.884095342424242,68.04775457979798,17.29999924,cyan
26.884095342424242,68.04776882020201,17.29999924,cyan
26.884095342424242,68.04778306060605,17.29999924,cyan
26.88410411010101,68.04765489696969,17.29999924,cyan
26.88410411010101,68.04766913737373,17.29999924,cyan
26.88410411010101,68.04768337777777,17.29999924,cyan
26.88410411010101,68.04769761818181,17.29999924,cyan
26.88410411010101,68.04771185858586,17.29999924,cyan
26.88410411010101,68.0477260989899,17.29999924,cyan
26.88410411010101,68.04774033939394,17.29999924,cyan
26.88410411010101,68.04775457979798,17.29999924,cyan
26.88410411010101,68.04776882020201,17.29999924,cyan
26.88410411010101,68.04778306060605,17.29999924,cyan
26.88410411010101,68.04779730101009,17.29999924,cyan
26.884112877777778,68.04766913737373,17.29999924,cyan
26.884112877777778,68.04768337777777,17.29999924,cyan
26.884112877777778,68.04769761818181,17.29999924,cyan
26.884112877777778,68.04771185858586,17.29999924,cyan
26.884112877777778,68.0477260989899,17.29999924,cyan
26.884112877777778,68.04774033939394,17.29999924,cyan
26.884112877777778,68.04775457979798,17.29999924,cyan
26.884112877777778,68.04776882020201,17.29999924,cyan
26.884112877777778,68.04778306060605,17.29999924,cyan
26.884112877777778,68.04779730101009,32.70000076,lightblue
26.884112877777778,68.04781154141413,32.70000076,lightblue
26.884121645454545,68.04768337777777,17.29999924,cyan
26.884121645454545,68.04769761818181,17.29999924,cyan
26.884121645454545,68.04771185858586,17.29999924,cyan
26.884121645454545,68.0477260989899,17.29999924,cyan
26.884121645454545,68.04774033939394,17.29999924,cyan
26.884121645454545,68.04775457979798,17.29999924,cyan
26.884121645454545,68.04776882020201,17.29999924,cyan
26.884121645454545,68.04778306060605,17.29999924,cyan
26.884121645454545,68.04779730101009,32.70000076,lightblue
26.884121645454545,68.04781154141413,32.70000076,lightblue
26.884121645454545,68.04782578181818,32.70000076,lightblue
26.884121645454545,68.04784002222222,32.70000076,lightblue
26.884130413131313,68.04769761818181,17.29999924,cyan
26.884130413131313,68.04771185858586,17.29999924,cyan
26.884130413131313,68.0477260989899,17.29999924,cyan
26.884130413131313,68.04774033939394,17.29999924,cyan
26.884130413131313,68.04775457979798,17.29999924,cyan
26.884130413131313,68.04776882020201,17.29999924,cyan
26.884130413131313,68.04778306060605,17.29999924,cyan
26.884130413131313,68.04779730101009,32.70000076,lightblue
26.884130413131313,68.04781154141413,32.70000076,lightblue
26.884130413131313,68.04782578181818,32.70000076,lightblue
26.884130413131313,68.04784002222222,32.70000076,lightblue
26.884130413131313,68.04785426262626,32.70000076,lightblue
26.88413918080808,68.04771185858586,17.29999924,cyan
26.88413918080808,68.0477260989899,17.29999924,cyan
26.88413918080808,68.04774033939394,17.29999924,cyan
26.88413918080808,68.04775457979798,17.29999924,cyan
26.88413918080808,68.04776882020201,17.29999924,cyan
26.88413918080808,68.04778306060605,32.70000076,lightblue
26.88413918080808,68.04779730101009,32.70000076,lightblue
26.88413918080808,68.04781154141413,32.70000076,lightblue
26.88413918080808,68.04782578181818,32.70000076,lightblue
26.88413918080808,68.04784002222222,32.70000076,lightblue
26.88413918080808,68.04785426262626,32.70000076,lightblue
26.88413918080808,68.0478685030303,32.70000076,lightblue
26.88414794848485,68.0477260989899,17.29999924,cyan
26.88414794848485,68.04774033939394,17.29999924,cyan
26.88414794848485,68.04775457979798,17.29999924,cyan
26.88414794848485,68.04776882020201,17.29999924,cyan
26.88414794848485,68.04778306060605,32.70000076,lightblue
26.88414794848485,68.04779730101009,32.70000076,lightblue
26.88414794848485,68.04781154141413,32.70000076,lightblue
26.88414794848485,68.04782578181818,32.70000076,lightblue
26.88414794848485,68.04784002222222,32.70000076,lightblue
26.88414794848485,68.04785426262626,32.70000076,lightblue
26.88414794848485,68.0478685030303,32.70000076,lightblue
26.88414794848485,68.04788274343434,32.70000076,lightblue
26.884156716161616,68.04774033939394,17.29999924,cyan
26.884156716161616,68.04775457979798,17.29999924,cyan
26.884156716161616,68.04776882020201,32.70000076,lightblue
26.884156716161616,68.04778306060605,32.70000076,lightblue
26.884156716161616,68.04779730101009,32.70000076,lightblue
26.884156716161616,68.04781154141413,32.70000076,lightblue
26.884156716161616,68.04782578181818,32.70000076,lightblue
26.884156716161616,68.04784002222222,32.70000076,lightblue
26.884156716161616,68.04785426262626,32.70000076,lightblue
26.884156716161616,68.0478685030303,32.70000076,lightblue
26.884156716161616,68.04788274343434,32.70000076,lightblue
26.884156716161616,68.04789698383838,32.70000076,lightblue
26.884165483838384,68.04775457979798,17.29999924,cyan
26.884165483838384,68.04776882020201,32.70000076,lightblue
26.884165483838384,68.04778306060605,32.70000076,lightblue
26.884165483838384,68.04779730101009,32.70000076,lightblue
26.884165483838384,68.04781154141413,32.70000076,lightblue
26.884165483838384,68.04782578181818,32.70000076,lightblue
26.884165483838384,68.04784002222222,32.70000076,lightblue
26.884165483838384,68.04785426262626,32.70000076,lightblue
26.884165483838384,68.0478685030303,32.70000076,lightblue
26.884165483838384,68.04788274343434,32.70000076,lightblue
26.884165483838384,68.04789698383838,32.70000076,lightblue
26.884165483838384,68.04791122424243,32.70000076,lightblue
26.88417425151515,68.04776882020201,32.70000076,lightblue
26.88417425151515,68.04778306060605,32.70000076,lightblue
26.88417425151515,68.04779730101009,32.70000076,lightblue
26.88417425151515,68.04781154141413,32.70000076,lightblue
26.88417425151515,68.04782578181818,32.70000076,lightblue
26.88417425151515,68.04784002222222,32.70000076,lightblue
26.88417425151515,68.04785426262626,32.70000076,lightblue
26.88417425151515,68.0478685030303,32.70000076,lightblue
26.88417425151515,68.04788274343434,32.70000076,lightblue
26.88417425151515,68.04789698383838,32.70000076,lightblue
26.88417425151515,68.04791122424243,32.70000076,lightblue
26.88417425151515,68.04792546464645,32.70000076,lightblue
26.88418301919192,68.04778306060605,32.70000076,lightblue
26.88418301919192,68.04779730101009,32.70000076,lightblue
26.88418301919192,68.04781154141413,32.70000076,lightblue
26.88418301919192,68.04782578181818,32.70000076,lightblue
26.88418301919192,68.04784002222222,32.70000076,lightblue
26.88418301919192,68.04785426262626,32.70000076,lightblue
26.88418301919192,68.0478685030303,32.70000076,lightblue
26.88418301919192,68.04788274343434,32.70000076,lightblue
26.88418301919192,68.04789698383838,32.70000076,lightblue
26.88418301919192,68.04791122424243,32.70000076,lightblue
26.88418301919192,68.04792546464645,32.70000076,lightblue
26.88418301919192,68.0479397050505,32.70000076,lightblue
26.884191786868687,68.04779730101009,32.70000076,lightblue
26.884191786868687,68.04781154141413,32.70000076,lightblue
26.884191786868687,68.04782578181818,32.70000076,lightblue
26.884191786868687,68.04784002222222,32.70000076,lightblue
26.884191786868687,68.04785426262626,32.70000076,lightblue
26.884191786868687,68.0478685030303,32.70000076,lightblue
26.884191786868687,68.04788274343434,32.70000076,lightblue
26.884191786868687,68.04789698383838,32.70000076,lightblue
26.884191786868687,68.04791122424243,32.70000076,lightblue
26.884191786868687,68.04792546464645,32.70000076,lightblue
26.884191786868687,68.0479397050505,32.70000076,lightblue
26.884191786868687,68.04795394545454,32.70000076,lightblue
26.884200554545455,68.04781154141413,32.70000076,lightblue
26.884200554545455,68.04782578181818,32.70000076,lightblue
26.884200554545455,68.04784002222222,32.70000076,lightblue
26.884200554545455,68.04785426262626,32.70000076,lightblue
26.884200554545455,68.0478685030303,32.70000076,lightblue
26.884200554545455,68.04788274343434,32.70000076,lightblue
26.884200554545455,68.04789698383838,32.70000076,lightblue
26.884200554545455,68.04791122424243,32.70000076,lightblue
26.884200554545455,68.04792546464645,32.70000076,lightblue
26.884200554545455,68.0479397050505,32.70000076,lightblue
26.884200554545455,68.04795394545454,32.70000076,lightblue
26.884200554545455,68.04796818585858,32.70000076,lightblue
26.884209322222222,68.04782578181818,32.70000076,lightblue
26.884209322222222,68.04784002222222,32.70000076,lightblue
26.884209322222222,68.04785426262626,32.70000076,lightblue
26.884209322222222,68.0478685030303,32.70000076,lightblue
26.884209322222222,68.04788274343434,32.70000076,lightblue
26.884209322222222,68.04789698383838,32.70000076,lightblue
26.884209322222222,68.04791122424243,32.70000076,lightblue
26.884209322222222,68.04792546464645,32.70000076,lightblue
26.884209322222222,68.0479397050505,32.70000076,lightblue
26.884209322222222,68.04795394545454,32.70000076,lightblue
26.884209322222222,68.04796818585858,32.70000076,lightblue
26.884209322222222,68.04798242626262,32.70000076,lightblue
26.88421808989899,68.04784002222222,32.70000076,lightblue
26.88421808989899,68.04785426262626,32.70000076,lightblue
26.88421808989899,68.0478685030303,32.70000076,lightblue
26.88421808989899,68.04788274343434,32.70000076,lightblue
26.88421808989899,68.04789698383838,32.70000076,lightblue
26.88421808989899,68.04791122424243,32.70000076,lightblue
26.88421808989899,68.04792546464645,32.70000076,lightblue
26.88421808989899,68.0479397050505,32.70000076,lightblue
26.88421808989899,68.04795394545454,32.70000076,lightblue
26.88421808989899,68.04796818585858,32.70000076,lightblue
26.88421808989899,68.04798242626262,32.70000076,lightblue
26.88421808989899,68.04799666666666,32.70000076,lightblue
26.884226857575758,68.04785426262626,32.70000076,lightblue
26.884226857575758,68.0478685030303,32.70000076,lightblue
26.884226857575758,68.04788274343434,32.70000076,lightblue
26.884226857575758,68.04789698383838,32.70000076,lightblue
26.884226857575758,68.04791122424243,32.70000076,lightblue
26.884226857575758,68.04792546464645,32.70000076,lightblue
26.884226857575758,68.0479397050505,32.70000076,lightblue
26.884226857575758,68.04795394545454,32.70000076,lightblue
26.884226857575758,68.04796818585858,32.70000076,lightblue
26.884226857575758,68.04798242626262,32.70000076,lightblue
26.884226857575758,68.04799666666666,32.70000076,lightblue
26.884226857575758,68.0480109070707,32.70000076,lightblue
26.884235625252526,68.0478685030303,32.70000076,lightblue
26.884235625252526,68.04788274343434,32.70000076,lightblue
26.884235625252526,68.04789698383838,32.70000076,lightblue
26.884235625252526,68.04791122424243,32.70000076,lightblue
26.884235625252526,68.04792546464645,32.70000076,lightblue
26.884235625252526,68.0479397050505,32.70000076,lightblue
26.884235625252526,68.04795394545454,32.70000076,lightblue
26.884235625252526,68.04796818585858,32.70000076,lightblue
26.884235625252526,68.04798242626262,32.70000076,lightblue
26.884235625252526,68.04799666666666,32.70000076,lightblue
26.884235625252526,68.0480109070707,32.70000076,lightblue
26.884235625252526,68.04802514747475,32.70000076,lightblue
26.884235625252526,68.04803938787879,32.70000076,lightblue
26.884244392929293,68.04788274343434,32.70000076,lightblue
26.884244392929293,68.04789698383838,32.70000076,lightblue
26.884244392929293,68.04791122424243,32.70000076,lightblue
26.884244392929293,68.04792546464645,32.70000076,lightblue
26.884244392929293,68.0479397050505,32.70000076,lightblue
26.884244392929293,68.04795394545454,32.70000076,lightblue
26.884244392929293,68.04796818585858,32.70000076,lightblue
26.884244392929293,68.04798242626262,32.70000076,lightblue
26.884244392929293,68.04799666666666,32.70000076,lightblue
26.884244392929293,68.0480109070707,32.70000076,lightblue
26.884244392929293,68.04802514747475,32.70000076,lightblue
26.884244392929293,68.04803938787879,32.70000076,lightblue
26.884244392929293,68.04805362828283,32.70000076,lightblue
26.88425316060606,68.04789698383838,32.70000076,lightblue
26.88425316060606,68.04791122424243,32.70000076,lightblue
26.88425316060606,68.04792546464645,32.70000076,lightblue
26.88425316060606,68.0479397050505,32.70000076,lightblue
26.88425316060606,68.04795394545454,32.70000076,lightblue
26.88425316060606,68.04796818585858,32.70000076,lightblue
26.88425316060606,68.04798242626262,32.70000076,lightblue
26.88425316060606,68.04799666666666,32.70000076,lightblue
26.88425316060606,68.0480109070707,32.70000076,lightblue
26.88425316060606,68.04802514747475,32.70000076,lightblue
26.88425316060606,68.04803938787879,32.70000076,lightblue
26.88425316060606,68.04805362828283,32.70000076,lightblue
26.88425316060606,68.04806786868687,32.70000076,lightblue
26.88426192828283,68.04791122424243,32.70000076,lightblue
26.88426192828283,68.04792546464645,32.70000076,lightblue
26.88426192828283,68.0479397050505,32.70000076,lightblue
26.88426192828283,68.04795394545454,32.70000076,lightblue
26.88426192828283,68.04796818585858,32.70000076,lightblue
26.88426192828283,68.04798242626262,32.70000076,lightblue
26.88426192828283,68.04799666666666,32.70000076,lightblue
26.88426192828283,68.0480109070707,32.70000076,lightblue
26.88426192828283,68.04802514747475,32.70000076,lightblue
26.88426192828283,68.04803938787879,32.70000076,lightblue
26.88426192828283,68.04805362828283,32.70000076,lightblue
26.88426192828283,68.04806786868687,32.70000076,lightblue
26.88426192828283,68.0480821090909,32.70000076,lightblue
26.884270695959597,68.04792546464645,32.70000076,lightblue
26.884270695959597,68.0479397050505,32.70000076,lightblue
26.884270695959597,68.04795394545454,32.70000076,lightblue
26.884270695959597,68.04796818585858,32.70000076,lightblue
26.884270695959597,68.04798242626262,32.70000076,lightblue
26.884270695959597,68.04799666666666,32.70000076,lightblue
26.884270695959597,68.0480109070707,32.70000076,lightblue
26.884270695959597,68.04802514747475,32.70000076,lightblue
26.884270695959597,68.04803938787879,32.70000076,lightblue
26.884270695959597,68.04805362828283,32.70000076,lightblue
26.884270695959597,68.04806786868687,32.70000076,lightblue
26.884270695959597,68.0480821090909,32.70000076,lightblue
26.884270695959597,68.04809634949494,32.70000076,lightblue
26.884279463636364,68.0479397050505,32.70000076,lightblue
26.884279463636364,68.04795394545454,32.70000076,lightblue
26.884279463636364,68.04796818585858,32.70000076,lightblue
26.884279463636364,68.04798242626262,32.70000076,lightblue
26.884279463636364,68.04799666666666,32.70000076,lightblue
26.884279463636364,68.0480109070707,32.70000076,lightblue
26.884279463636364,68.04802514747475,32.70000076,lightblue
26.884279463636364,68.04803938787879,32.70000076,lightblue
26.884279463636364,68.04805362828283,32.70000076,lightblue
26.884279463636364,68.04806786868687,32.70000076,lightblue
26.884279463636364,68.0480821090909,32.70000076,lightblue
26.884279463636364,68.04809634949494,32.70000076,lightblue
26.884279463636364,68.04811058989898,32.70000076,lightblue
26.884288231313132,68.04796818585858,32.70000076,lightblue
26.884288231313132,68.04798242626262,32.70000076,lightblue
26.884288231313132,68.04799666666666,32.70000076,lightblue
26.884288231313132,68.0480109070707,32.70000076,lightblue
26.884288231313132,68.04802514747475,32.70000076,lightblue
26.884288231313132,68.04803938787879,32.70000076,lightblue
26.884288231313132,68.04805362828283,32.70000076,lightblue
26.884288231313132,68.04806786868687,32.70000076,lightblue
26.884288231313132,68.0480821090909,32.70000076,lightblue
26.884288231313132,68.04809634949494,32.70000076,lightblue
26.884288231313132,68.04811058989898,32.70000076,lightblue
26.884288231313132,68.04812483030302,32.70000076,lightblue
26.8842969989899,68.04798242626262,32.70000076,lightblue
26.8842969989899,68.04799666666666,32.70000076,lightblue
26.8842969989899,68.0480109070707,32.70000076,lightblue
26.8842969989899,68.04802514747475,32.70000076,lightblue
26.8842969989899,68.04803938787879,32.70000076,lightblue
26.8842969989899,68.04805362828283,32.70000076,lightblue
26.8842969989899,68.04806786868687,32.70000076,lightblue
26.8842969989899,68.0480821090909,32.70000076,lightblue
26.8842969989899,68.04809634949494,32.70000076,lightblue
26.8842969989899,68.04811058989898,32.70000076,lightblue
26.8842969989899,68.04812483030302,32.70000076,lightblue
26.8842969989899,68.04813907070707,32.70000076,lightblue
26.884305766666667,68.04799666666666,32.70000076,lightblue
26.884305766666667,68.0480109070707,32.70000076,lightblue
26.884305766666667,68.04802514747475,32.70000076,lightblue
26.884305766666667,68.04803938787879,32.70000076,lightblue
26.884305766666667,68.04805362828283,32.70000076,lightblue
26.884305766666667,68.04806786868687,32.70000076,lightblue
26.884305766666667,68.0480821090909,32.70000076,lightblue
26.884305766666667,68.04809634949494,32.70000076,lightblue
26.884305766666667,68.04811058989898,32.70000076,lightblue
26.884305766666667,68.04812483030302,32.70000076,lightblue
26.884305766666667,68.04813907070707,32.70000076,lightblue
26.884305766666667,68.04815331111111,32.70000076,lightblue
26.884314534343435,68.0480109070707,32.70000076,lightblue
26.884314534343435,68.04802514747475,32.70000076,lightblue
26.884314534343435,68.04803938787879,32.70000076,lightblue
26.884314534343435,68.04805362828283,32.70000076,lightblue
26.884314534343435,68.04806786868687,32.70000076,lightblue
26.884314534343435,68.0480821090909,32.70000076,lightblue
26.884314534343435,68.04809634949494,32.70000076,lightblue
26.884314534343435,68.04811058989898,32.70000076,lightblue
26.884314534343435,68.04812483030302,32.70000076,lightblue
26.884314534343435,68.04813907070707,32.70000076,lightblue
26.884314534343435,68.04815331111111,32.70000076,lightblue
26.884314534343435,68.04816755151515,32.70000076,lightblue
26.884323302020203,68.04802514747475,32.70000076,lightblue
26.884323302020203,68.04803938787879,32.70000076,lightblue
26.884323302020203,68.04805362828283,32.70000076,lightblue
26.884323302020203,68.04806786868687,32.70000076,lightblue
26.884323302020203,68.0480821090909,32.70000076,lightblue
26.884323302020203,68.04809634949494,32.70000076,lightblue
26.884323302020203,68.04811058989898,32.70000076,lightblue
26.884323302020203,68.04812483030302,32.70000076,lightblue
26.884323302020203,68.04813907070707,32.70000076,lightblue
26.884323302020203,68.04815331111111,32.70000076,lightblue
26.884323302020203,68.04816755151515,32.70000076,lightblue
26.884323302020203,68.04818179191919,32.70000076,lightblue
26.88433206969697,68.04803938787879,32.70000076,lightblue
26.88433206969697,68.04805362828283,32.70000076,lightblue
26.88433206969697,68.04806786868687,32.70000076,lightblue
26.88433206969697,68.0480821090909,32.70000076,lightblue
26.88433206969697,68.04809634949494,32.70000076,lightblue
26.88433206969697,68.04811058989898,32.70000076,lightblue
26.88433206969697,68.04812483030302,32.70000076,lightblue
26.88433206969697,68.04813907070707,32.70000076,lightblue
26.88433206969697,68.04815331111111,32.70000076,lightblue
26.88433206969697,68.04816755151515,32.70000076,lightblue
26.88433206969697,68.04818179191919,32.70000076,lightblue
26.88433206969697,68.04819603232323,32.70000076,lightblue
26.88434083737374,68.04805362828283,32.70000076,lightblue
26.88434083737374,68.04806786868687,32.70000076,lightblue
26.88434083737374,68.0480821090909,32.70000076,lightblue
26.88434083737374,68.04809634949494,32.70000076,lightblue
26.88434083737374,68.04811058989898,32.70000076,lightblue
26.88434083737374,68.04812483030302,32.70000076,lightblue
26.88434083737374,68.04813907070707,32.70000076,lightblue
26.88434083737374,68.04815331111111,32.70000076,lightblue
26.88434083737374,68.04816755151515,32.70000076,lightblue
26.88434083737374,68.04818179191919,32.70000076,lightblue
26.88434083737374,68.04819603232323,32.70000076,lightblue
26.88434083737374,68.04821027272727,32.70000076,lightblue
26.88434083737374,68.04822451313132,32.70000076,lightblue
26.884349605050506,68.04806786868687,32.70000076,lightblue
26.884349605050506,68.0480821090909,32.70000076,lightblue
26.884349605050506,68.04809634949494,32.70000076,lightblue
26.884349605050506,68.04811058989898,32.70000076,lightblue
26.884349605050506,68.04812483030302,32.70000076,lightblue
26.884349605050506,68.04813907070707,32.70000076,lightblue
26.884349605050506,68.04815331111111,32.70000076,lightblue
26.884349605050506,68.04816755151515,32.70000076,lightblue
26.884349605050506,68.04818179191919,32.70000076,lightblue
26.884349605050506,68.04819603232323,32.70000076,lightblue
26.884349605050506,68.04821027272727,32.70000076,lightblue
26.884349605050506,68.04822451313132,32.70000076,lightblue
26.884349605050506,68.04823875353534,32.70000076,lightblue
26.884358372727274,68.0480821090909,32.70000076,lightblue
26.884358372727274,68.04809634949494,32.70000076,lightblue
26.884358372727274,68.04811058989898,32.70000076,lightblue
26.884358372727274,68.04812483030302,32.70000076,lightblue
26.884358372727274,68.04813907070707,32.70000076,lightblue
26.884358372727274,68.04815331111111,32.70000076,lightblue
26.884358372727274,68.04816755151515,32.70000076,lightblue
26.884358372727274,68.04818179191919,32.70000076,lightblue
26.884358372727274,68.04819603232323,32.70000076,lightblue
26.884358372727274,68.04821027272727,32.70000076,lightblue
26.884358372727274,68.04822451313132,32.70000076,lightblue
26.884358372727274,68.04823875353534,32.70000076,lightblue
26.884358372727274,68.04825299393939,32.70000076,lightblue
26.88436714040404,68.04809634949494,32.70000076,lightblue
26.88436714040404,68.04811058989898,32.70000076,lightblue
26.88436714040404,68.04812483030302,32.70000076,lightblue
26.88436714040404,68.04813907070707,32.70000076,lightblue
26.88436714040404,68.04815331111111,32.70000076,lightblue
26.88436714040404,68.04816755151515,32.70000076,lightblue
26.88436714040404,68.04818179191919,32.70000076,lightblue
26.88436714040404,68.04819603232323,32.70000076,lightblue
26.88436714040404,68.04821027272727,32.70000076,lightblue
26.88436714040404,68.04822451313132,32.70000076,lightblue
26.88436714040404,68.04823875353534,32.70000076,lightblue
26.88436714040404,68.04825299393939,32.70000076,lightblue
26.88436714040404,68.04826723434343,32.70000076,lightblue
26.88437590808081,68.04811058989898,32.70000076,lightblue
26.88437590808081,68.04812483030302,32.70000076,lightblue
26.88437590808081,68.04813907070707,32.70000076,lightblue
26.88437590808081,68.04815331111111,32.70000076,lightblue
26.88437590808081,68.04816755151515,32.70000076,lightblue
26.88437590808081,68.04818179191919,32.70000076,lightblue
26.88437590808081,68.04819603232323,32.70000076,lightblue
26.88437590808081,68.04821027272727,32.70000076,lightblue
26.88437590808081,68.04822451313132,32.70000076,lightblue
26.88437590808081,68.04823875353534,32.70000076,lightblue
26.88437590808081,68.04825299393939,32.70000076,lightblue
26.88437590808081,68.04826723434343,32.70000076,lightblue
26.88437590808081,68.04828147474747,29.39999962,cyan
26.884384675757573,68.04812483030302,32.70000076,lightblue
26.884384675757573,68.04813907070707,32.70000076,lightblue
26.884384675757573,68.04815331111111,32.70000076,lightblue
26.884384675757573,68.04816755151515,32.70000076,lightblue
26.884384675757573,68.04818179191919,32.70000076,lightblue
26.884384675757573,68.04819603232323,32.70000076,lightblue
26.884384675757573,68.04821027272727,32.70000076,lightblue
26.884384675757573,68.04822451313132,32.70000076,lightblue
26.884384675757573,68.04823875353534,32.70000076,lightblue
26.884384675757573,68.04825299393939,32.70000076,lightblue
26.884384675757573,68.04826723434343,32.70000076,lightblue
26.884384675757573,68.04828147474747,32.70000076,lightblue
26.884384675757573,68.04829571515151,29.39999962,cyan
26.88439344343434,68.04813907070707,32.70000076,lightblue
26.88439344343434,68.04815331111111,32.70000076,lightblue
26.88439344343434,68.04816755151515,32.70000076,lightblue
26.88439344343434,68.04818179191919,32.70000076,lightblue
26.88439344343434,68.04819603232323,32.70000076,lightblue
26.88439344343434,68.04821027272727,32.70000076,lightblue
26.88439344343434,68.04822451313132,32.70000076,lightblue
26.88439344343434,68.04823875353534,32.70000076,lightblue
26.88439344343434,68.04825299393939,32.70000076,lightblue
26.88439344343434,68.04826723434343,32.70000076,lightblue
26.88439344343434,68.04828147474747,32.70000076,lightblue
26.88439344343434,68.04829571515151,32.70000076,lightblue
26.88439344343434,68.04830995555555,29.39999962,cyan
26.88440221111111,68.04815331111111,32.70000076,lightblue
26.88440221111111,68.04816755151515,32.70000076,lightblue
26.88440221111111,68.04818179191919,32.70000076,lightblue
26.88440221111111,68.04819603232323,32.70000076,lightblue
26.88440221111111,68.04821027272727,32.70000076,lightblue
26.88440221111111,68.04822451313132,32.70000076,lightblue
26.88440221111111,68.04823875353534,32.70000076,lightblue
26.88440221111111,68.04825299393939,32.70000076,lightblue
26.88440221111111,68.04826723434343,32.70000076,lightblue
26.88440221111111,68.04828147474747,32.70000076,lightblue
26.88440221111111,68.04829571515151,32.70000076,lightblue
26.88440221111111,68.04830995555555,32.70000076,lightblue
26.88440221111111,68.0483241959596,29.39999962,cyan
26.884410978787876,68.04816755151515,32.70000076,lightblue
26.884410978787876,68.04818179191919,32.70000076,lightblue
26.884410978787876,68.04819603232323,32.70000076,lightblue
26.884410978787876,68.04821027272727,32.70000076,lightblue
26.884410978787876,68.04822451313132,32.70000076,lightblue
26.884410978787876,68.04823875353534,32.70000076,lightblue
26.884410978787876,68.04825299393939,32.70000076,lightblue
26.884410978787876,68.04826723434343,32.70000076,lightblue
26.884410978787876,68.04828147474747,32.70000076,lightblue
26.884410978787876,68.04829571515151,32.70000076,lightblue
26.884410978787876,68.04830995555555,32.70000076,lightblue
26.884410978787876,68.0483241959596,29.39999962,cyan
26.884410978787876,68.04833843636364,29.39999962,cyan
26.884419746464644,68.04818179191919,32.70000076,lightblue
26.884419746464644,68.04819603232323,32.70000076,lightblue
26.884419746464644,68.04821027272727,32.70000076,lightblue
26.884419746464644,68.04822451313132,32.70000076,lightblue
26.884419746464644,68.04823875353534,32.70000076,lightblue
26.884419746464644,68.04825299393939,32.70000076,lightblue
26.884419746464644,68.04826723434343,32.70000076,lightblue
26.884419746464644,68.04828147474747,32.70000076,lightblue
26.884419746464644,68.04829571515151,32.70000076,lightblue
26.884419746464644,68.04830995555555,32.70000076,lightblue
26.884419746464644,68.0483241959596,32.70000076,lightblue
26.884419746464644,68.04833843636364,29.39999962,cyan
26.884419746464644,68.04835267676768,29.39999962,cyan
26.884428514141412,68.04819603232323,32.70000076,lightblue
26.884428514141412,68.04821027272727,32.70000076,lightblue
26.884428514141412,68.04822451313132,32.70000076,lightblue
26.884428514141412,68.04823875353534,32.70000076,lightblue
26.884428514141412,68.04825299393939,32.70000076,lightblue
26.884428514141412,68.04826723434343,32.70000076,lightblue
26.884428514141412,68.04828147474747,32.70000076,lightblue
26.884428514141412,68.04829571515151,32.70000076,lightblue
26.884428514141412,68.04830995555555,32.70000076,lightblue
26.884428514141412,68.0483241959596,32.70000076,lightblue
26.884428514141412,68.04833843636364,32.70000076,lightblue
26.884428514141412,68.04835267676768,29.39999962,cyan
26.884428514141412,68.04836691717172,29.39999962,cyan
26.88443728181818,68.04821027272727,32.70000076,lightblue
26.88443728181818,68.04822451313132,32.70000076,lightblue
26.88443728181818,68.04823875353534,32.70000076,lightblue
26.88443728181818,68.04825299393939,32.70000076,lightblue
26.88443728181818,68.04826723434343,32.70000076,lightblue
26.88443728181818,68.04828147474747,32.70000076,lightblue
26.88443728181818,68.04829571515151,32.70000076,lightblue
26.88443728181818,68.04830995555555,32.70000076,lightblue
26.88443728181818,68.0483241959596,32.70000076,lightblue
26.88443728181818,68.04833843636364,32.70000076,lightblue
26.88443728181818,68.04835267676768,29.39999962,cyan
26.88443728181818,68.04836691717172,29.39999962,cyan
26.88443728181818,68.04838115757576,29.39999962,cyan
26.884446049494947,68.04822451313132,32.70000076,lightblue
26.884446049494947,68.04823875353534,32.70000076,lightblue
26.884446049494947,68.04825299393939,32.70000076,lightblue
26.884446049494947,68.04826723434343,32.70000076,lightblue
26.884446049494947,68.04828147474747,32.70000076,lightblue
26.884446049494947,68.04829571515151,32.70000076,lightblue
26.884446049494947,68.04830995555555,32.70000076,lightblue
26.884446049494947,68.0483241959596,32.70000076,lightblue
26.884446049494947,68.04833843636364,32.70000076,lightblue
26.884446049494947,68.04835267676768,32.70000076,lightblue
26.884446049494947,68.04836691717172,29.39999962,cyan
26.884446049494947,68.04838115757576,29.39999962,cyan
26.884446049494947,68.04839539797979,29.39999962,cyan
26.884454817171715,68.04823875353534,32.70000076,lightblue
26.884454817171715,68.04825299393939,32.70000076,lightblue
26.884454817171715,68.04826723434343,32.70000076,lightblue
26.884454817171715,68.04828147474747,32.70000076,lightblue
26.884454817171715,68.04829571515151,32.70000076,lightblue
26.884454817171715,68.04830995555555,32.70000076,lightblue
26.884454817171715,68.0483241959596,32.70000076,lightblue
26.884454817171715,68.04833843636364,32.70000076,lightblue
26.884454817171715,68.04835267676768,32.70000076,lightblue
26.884454817171715,68.04836691717172,32.70000076,lightblue
26.884454817171715,68.04838115757576,29.39999962,cyan
26.884454817171715,68.04839539797979,29.39999962,cyan
26.884454817171715,68.04840963838383,29.39999962,cyan
26.884454817171715,68.04842387878787,29.39999962,cyan
26.884463584848483,68.04825299393939,32.70000076,lightblue
26.884463584848483,68.04826723434343,32.70000076,lightblue
26.884463584848483,68.04828147474747,32.70000076,lightblue
26.884463584848483,68.04829571515151,32.70000076,lightblue
26.884463584848483,68.04830995555555,32.70000076,lightblue
26.884463584848483,68.0483241959596,32.70000076,lightblue
26.884463584848483,68.04833843636364,32.70000076,lightblue
26.884463584848483,68.04835267676768,32.70000076,lightblue
26.884463584848483,68.04836691717172,32.70000076,lightblue
26.884463584848483,68.04838115757576,32.70000076,lightblue
26.884463584848483,68.04839539797979,29.39999962,cyan
26.884463584848483,68.04840963838383,29.39999962,cyan
26.884463584848483,68.04842387878787,29.39999962,cyan
26.884463584848483,68.04843811919191,29.39999962,cyan
26.88447235252525,68.04826723434343,32.70000076,lightblue
26.88447235252525,68.04828147474747,32.70000076,lightblue
26.88447235252525,68.04829571515151,32.70000076,lightblue
26.88447235252525,68.04830995555555,32.70000076,lightblue
26.88447235252525,68.0483241959596,32.70000076,lightblue
26.88447235252525,68.04833843636364,32.70000076,lightblue
26.88447235252525,68.04835267676768,32.70000076,lightblue
26.88447235252525,68.04836691717172,32.70000076,lightblue
26.88447235252525,68.04838115757576,32.70000076,lightblue
26.88447235252525,68.04839539797979,29.39999962,cyan
26.88447235252525,68.04840963838383,29.39999962,cyan
26.88447235252525,68.04842387878787,29.39999962,cyan
26.88447235252525,68.04843811919191,29.39999962,cyan
26.88447235252525,68.04845235959596,29.39999962,cyan
26.884481120202018,68.04828147474747,32.70000076,lightblue
26.884481120202018,68.04829571515151,32.70000076,lightblue
26.884481120202018,68.04830995555555,32.70000076,lightblue
26.884481120202018,68.0483241959596,32.70000076,lightblue
26.884481120202018,68.04833843636364,32.70000076,lightblue
26.884481120202018,68.04835267676768,32.70000076,lightblue
26.884481120202018,68.04836691717172,32.70000076,lightblue
26.884481120202018,68.04838115757576,32.70000076,lightblue
26.884481120202018,68.04839539797979,32.70000076,lightblue
26.884481120202018,68.04840963838383,29.39999962,cyan
26.884481120202018,68.04842387878787,29.39999962,cyan
26.884481120202018,68.04843811919191,29.39999962,cyan
26.884481120202018,68.04845235959596,29.39999962,cyan
26.884489887878786,68.04829571515151,32.70000076,lightblue
26.884489887878786,68.04830995555555,32.70000076,lightblue
26.884489887878786,68.0483241959596,32.70000076,lightblue
26.884489887878786,68.04833843636364,32.70000076,lightblue
26.884489887878786,68.04835267676768,32.70000076,lightblue
26.884489887878786,68.04836691717172,32.70000076,lightblue
26.884489887878786,68.04838115757576,32.70000076,lightblue
26.884489887878786,68.04839539797979,32.70000076,lightblue
26.884489887878786,68.04840963838383,32.70000076,lightblue
26.884489887878786,68.04842387878787,29.39999962,cyan
26.884489887878786,68.04843811919191,29.39999962,cyan
26.884489887878786,68.04845235959596,29.39999962,cyan
26.884498655555554,68.04830995555555,32.70000076,lightblue
26.884498655555554,68.0483241959596,32.70000076,lightblue
26.884498655555554,68.04833843636364,32.70000076,lightblue
26.884498655555554,68.04835267676768,32.70000076,lightblue
26.884498655555554,68.04836691717172,32.70000076,lightblue
26.884498655555554,68.04838115757576,32.70000076,lightblue
26.884498655555554,68.04839539797979,32.70000076,lightblue
26.884498655555554,68.04840963838383,32.70000076,lightblue
26.884498655555554,68.04842387878787,29.39999962,cyan
26.884498655555554,68.04843811919191,29.39999962,cyan
26.884498655555554,68.04845235959596,29.39999962,cyan
26.88450742323232,68.0483241959596,32.70000076,lightblue
26.88450742323232,68.04833843636364,32.70000076,lightblue
26.88450742323232,68.04835267676768,32.70000076,lightblue
26.88450742323232,68.04836691717172,32.70000076,lightblue
26.88450742323232,68.04838115757576,32.70000076,lightblue
26.88450742323232,68.04839539797979,32.70000076,lightblue
26.88450742323232,68.04840963838383,32.70000076,lightblue
26.88450742323232,68.04842387878787,32.70000076,lightblue
26.88450742323232,68.04843811919191,29.39999962,cyan
26.88450742323232,68.04845235959596,29.39999962,cyan
26.88451619090909,68.04833843636364,32.70000076,lightblue
26.88451619090909,68.04835267676768,32.70000076,lightblue
26.88451619090909,68.04836691717172,32.70000076,lightblue
26.88451619090909,68.04838115757576,32.70000076,lightblue
26.88451619090909,68.04839539797979,32.70000076,lightblue
26.88451619090909,68.04840963838383,32.70000076,lightblue
26.88451619090909,68.04842387878787,32.70000076,lightblue
26.88451619090909,68.04843811919191,32.70000076,lightblue
26.88451619090909,68.04845235959596,29.39999962,cyan
26.884524958585857,68.04835267676768,32.70000076,lightblue
26.884524958585857,68.04836691717172,32.70000076,lightblue
26.884524958585857,68.04838115757576,32.70000076,lightblue
26.884524958585857,68.04839539797979,32.70000076,lightblue
26.884524958585857,68.04840963838383,32.70000076,lightblue
26.884524958585857,68.04842387878787,32.70000076,lightblue
26.884524958585857,68.04843811919191,32.70000076,lightblue
26.884524958585857,68.04845235959596,32.70000076,lightblue
26.884533726262624,68.04836691717172,32.70000076,lightblue
26.884533726262624,68.04838115757576,32.70000076,lightblue
26.884533726262624,68.04839539797979,32.70000076,lightblue
26.884533726262624,68.04840963838383,32.70000076,lightblue
26.884533726262624,68.04842387878787,32.70000076,lightblue
26.884533726262624,68.04843811919191,32.70000076,lightblue
26.884533726262624,68.04845235959596,32.70000076,lightblue
26.884542493939392,68.04838115757576,32.70000076,lightblue
26.884542493939392,68.04839539797979,32.70000076,lightblue
26.884542493939392,68.04840963838383,32.70000076,lightblue
26.884542493939392,68.04842387878787,32.70000076,lightblue
26.884542493939392,68.04843811919191,32.70000076,lightblue
26.884542493939392,68.04845235959596,32.70000076,lightblue
26.88455126161616,68.04839539797979,32.70000076,lightblue
26.88455126161616,68.04840963838383,32.70000076,lightblue
26.88455126161616,68.04842387878787,32.70000076,lightblue
26.88455126161616,68.04843811919191,32.70000076,lightblue
26.88455126161616,68.04845235959596,36.20000076,lightblue
26.884560029292928,68.04840963838383,32.70000076,lightblue
26.884560029292928,68.04842387878787,32.70000076,lightblue
26.884560029292928,68.04843811919191,32.70000076,lightblue
26.884560029292928,68.04845235959596,36.20000076,lightblue
26.884568796969695,68.04842387878787,32.70000076,lightblue
26.884568796969695,68.04843811919191,36.20000076,lightblue
26.884568796969695,68.04845235959596,36.20000076,lightblue
26.884577564646463,68.04843811919191,36.20000076,lightblue
26.884577564646463,68.04845235959596,36.20000076,lightblue
26.88458633232323,68.04845235959596,36.20000076,lightblue
